Series Name,Series Code,Country Name,Country Code,2019 [YR2019]
GDP per capita (current US$),NY.GDP.PCAP.CD,Afghanistan,AFG,496.6025042585
GDP per capita (current US$),NY.GDP.PCAP.CD,Albania,ALB,5460.4305086932
GDP per capita (current US$),NY.GDP.PCAP.CD,Algeria,DZA,4468.45341883656
GDP per capita (current US$),NY.GDP.PCAP.CD,American Samoa,ASM,12886.1359517218
GDP per capita (current US$),NY.GDP.PCAP.CD,Andorra,AND,41257.8045846483
GDP per capita (current US$),NY.GDP.PCAP.CD,Angola,AGO,2189.85571407618
GDP per capita (current US$),NY.GDP.PCAP.CD,Antigua and Barbuda,ATG,18896.3721832248
GDP per capita (current US$),NY.GDP.PCAP.CD,Argentina,ARG,9955.97478680428
GDP per capita (current US$),NY.GDP.PCAP.CD,Armenia,ARM,4597.22887399548
GDP per capita (current US$),NY.GDP.PCAP.CD,Aruba,ABW,31096.2050738676
GDP per capita (current US$),NY.GDP.PCAP.CD,Australia,AUS,54972.7017885437
GDP per capita (current US$),NY.GDP.PCAP.CD,Austria,AUT,49885.9947355204
GDP per capita (current US$),NY.GDP.PCAP.CD,Azerbaijan,AZE,4805.75371765917
GDP per capita (current US$),NY.GDP.PCAP.CD,"Bahamas, The",BHS,33640.3369861278
GDP per capita (current US$),NY.GDP.PCAP.CD,Bahrain,BHR,27259.7438599327
GDP per capita (current US$),NY.GDP.PCAP.CD,Bangladesh,BGD,2129.79896954606
GDP per capita (current US$),NY.GDP.PCAP.CD,Barbados,BRB,20583.7265786414
GDP per capita (current US$),NY.GDP.PCAP.CD,Belarus,BLR,6837.77339645635
GDP per capita (current US$),NY.GDP.PCAP.CD,Belgium,BEL,46716.6227467964
GDP per capita (current US$),NY.GDP.PCAP.CD,Belize,BLZ,6190.04792278445
GDP per capita (current US$),NY.GDP.PCAP.CD,Benin,BEN,1130.82135339795
GDP per capita (current US$),NY.GDP.PCAP.CD,Bermuda,BMU,115798.040775578
GDP per capita (current US$),NY.GDP.PCAP.CD,Bhutan,BTN,3576.87987100503
GDP per capita (current US$),NY.GDP.PCAP.CD,Bolivia,BOL,3503.89601123129
GDP per capita (current US$),NY.GDP.PCAP.CD,Bosnia and Herzegovina,BIH,6122.3753450882
GDP per capita (current US$),NY.GDP.PCAP.CD,Botswana,BWA,7172.08956480028
GDP per capita (current US$),NY.GDP.PCAP.CD,Brazil,BRA,9029.83326681073
GDP per capita (current US$),NY.GDP.PCAP.CD,Brunei Darussalam,BRN,30426.5730284202
GDP per capita (current US$),NY.GDP.PCAP.CD,Bulgaria,BGR,10372.8044341114
GDP per capita (current US$),NY.GDP.PCAP.CD,Burkina Faso,BFA,764.853077774946
GDP per capita (current US$),NY.GDP.PCAP.CD,Burundi,BDI,210.236494521532
GDP per capita (current US$),NY.GDP.PCAP.CD,Cabo Verde,CPV,4380.78117331128
GDP per capita (current US$),NY.GDP.PCAP.CD,Cambodia,KHM,2225.87705485686
GDP per capita (current US$),NY.GDP.PCAP.CD,Cameroon,CMR,1555.22660476477
GDP per capita (current US$),NY.GDP.PCAP.CD,Canada,CAN,46352.8693445211
GDP per capita (current US$),NY.GDP.PCAP.CD,Cayman Islands,CYM,88254.2903677044
GDP per capita (current US$),NY.GDP.PCAP.CD,Central African Republic,CAF,449.228467602439
GDP per capita (current US$),NY.GDP.PCAP.CD,Chad,TCD,893.336441643325
GDP per capita (current US$),NY.GDP.PCAP.CD,Channel Islands,CHI,60568.108347955
GDP per capita (current US$),NY.GDP.PCAP.CD,Chile,CHL,14495.716721687
GDP per capita (current US$),NY.GDP.PCAP.CD,China,CHN,10342.9009524335
GDP per capita (current US$),NY.GDP.PCAP.CD,Colombia,COL,6472.54544924705
GDP per capita (current US$),NY.GDP.PCAP.CD,Comoros,COM,1519.26386326167
GDP per capita (current US$),NY.GDP.PCAP.CD,"Congo, Dem. Rep.",COD,557.044161335917
GDP per capita (current US$),NY.GDP.PCAP.CD,"Congo, Rep.",COG,2488.42466724916
GDP per capita (current US$),NY.GDP.PCAP.CD,Costa Rica,CRI,12884.6859951947
GDP per capita (current US$),NY.GDP.PCAP.CD,Cote d'Ivoire,CIV,2141.76836170115
GDP per capita (current US$),NY.GDP.PCAP.CD,Croatia,HRV,15563.8167397199
GDP per capita (current US$),NY.GDP.PCAP.CD,Cuba,CUB,9232.26115935183
GDP per capita (current US$),NY.GDP.PCAP.CD,Curacao,CUW,19220.6865793075
GDP per capita (current US$),NY.GDP.PCAP.CD,Cyprus,CYP,29703.052734375
GDP per capita (current US$),NY.GDP.PCAP.CD,Czechia,CZE,24062.7190013343
GDP per capita (current US$),NY.GDP.PCAP.CD,Denmark,DNK,59404.2663247723
GDP per capita (current US$),NY.GDP.PCAP.CD,Djibouti,DJI,2837.16902340932
GDP per capita (current US$),NY.GDP.PCAP.CD,Dominica,DMA,9491.14995962374
GDP per capita (current US$),NY.GDP.PCAP.CD,Dominican Republic,DOM,8183.01623600375
GDP per capita (current US$),NY.GDP.PCAP.CD,Ecuador,ECU,6205.05765246766
GDP per capita (current US$),NY.GDP.PCAP.CD,"Egypt, Arab Rep.",EGY,2962.98892023003
GDP per capita (current US$),NY.GDP.PCAP.CD,El Salvador,SLV,4320.11671534627
GDP per capita (current US$),NY.GDP.PCAP.CD,Equatorial Guinea,GNQ,6804.14923073888
GDP per capita (current US$),NY.GDP.PCAP.CD,Estonia,EST,24021.2501413306
GDP per capita (current US$),NY.GDP.PCAP.CD,Ethiopia,ETH,828.709080522921
GDP per capita (current US$),NY.GDP.PCAP.CD,Faroe Islands,FRO,63067.0695697911
GDP per capita (current US$),NY.GDP.PCAP.CD,Fiji,FJI,5950.82866866702
GDP per capita (current US$),NY.GDP.PCAP.CD,Finland,FIN,48358.1807773701
GDP per capita (current US$),NY.GDP.PCAP.CD,France,FRA,40408.2848574751
GDP per capita (current US$),NY.GDP.PCAP.CD,French Polynesia,PYF,21582.5892046801
GDP per capita (current US$),NY.GDP.PCAP.CD,Gabon,GAB,7441.1786472281
GDP per capita (current US$),NY.GDP.PCAP.CD,"Gambia, The",GMB,738.186751987483
GDP per capita (current US$),NY.GDP.PCAP.CD,Georgia,GEO,4741.2832715876
GDP per capita (current US$),NY.GDP.PCAP.CD,Germany,DEU,47623.8656074829
GDP per capita (current US$),NY.GDP.PCAP.CD,Ghana,GHA,2186.65822682613
GDP per capita (current US$),NY.GDP.PCAP.CD,Greece,GRC,19335.3602002969
GDP per capita (current US$),NY.GDP.PCAP.CD,Greenland,GRL,53309.2035905065
GDP per capita (current US$),NY.GDP.PCAP.CD,Grenada,GRD,10462.7929159533
GDP per capita (current US$),NY.GDP.PCAP.CD,Guam,GUM,39274.9431424899
GDP per capita (current US$),NY.GDP.PCAP.CD,Guatemala,GTM,4511.99755157656
GDP per capita (current US$),NY.GDP.PCAP.CD,Guinea,GIN,1031.34146480732
GDP per capita (current US$),NY.GDP.PCAP.CD,Guinea-Bissau,GNB,807.425524872835
GDP per capita (current US$),NY.GDP.PCAP.CD,Guyana,GUY,6405.82443444562
GDP per capita (current US$),NY.GDP.PCAP.CD,Haiti,HTI,1352.17204191532
GDP per capita (current US$),NY.GDP.PCAP.CD,Honduras,HND,2502.32744328073
GDP per capita (current US$),NY.GDP.PCAP.CD,"Hong Kong SAR, China",HKG,48359.0011950597
GDP per capita (current US$),NY.GDP.PCAP.CD,Hungary,HUN,17012.8598553199
GDP per capita (current US$),NY.GDP.PCAP.CD,Iceland,ISL,68452.23622306
GDP per capita (current US$),NY.GDP.PCAP.CD,India,IND,2041.42863698585
GDP per capita (current US$),NY.GDP.PCAP.CD,Indonesia,IDN,4106.94856160358
GDP per capita (current US$),NY.GDP.PCAP.CD,"Iran, Islamic Rep.",IRN,3831.27894763337
GDP per capita (current US$),NY.GDP.PCAP.CD,Iraq,IRQ,5671.8568632942
GDP per capita (current US$),NY.GDP.PCAP.CD,Ireland,IRL,81810.1926481407
GDP per capita (current US$),NY.GDP.PCAP.CD,Isle of Man,IMN,87127.5517977404
GDP per capita (current US$),NY.GDP.PCAP.CD,Israel,ISR,44250.6313628073
GDP per capita (current US$),NY.GDP.PCAP.CD,Italy,ITA,33812.788724868
GDP per capita (current US$),NY.GDP.PCAP.CD,Jamaica,JAM,5607.24299266608
GDP per capita (current US$),NY.GDP.PCAP.CD,Japan,JPN,40415.9567649547
GDP per capita (current US$),NY.GDP.PCAP.CD,Jordan,JOR,4170.1144003465
GDP per capita (current US$),NY.GDP.PCAP.CD,Kazakhstan,KAZ,9457.12614657136
GDP per capita (current US$),NY.GDP.PCAP.CD,Kenya,KEN,1960.40808854893
GDP per capita (current US$),NY.GDP.PCAP.CD,Kiribati,KIR,1750.9977188915
GDP per capita (current US$),NY.GDP.PCAP.CD,"Korea, Rep.",KOR,31902.4169048194
GDP per capita (current US$),NY.GDP.PCAP.CD,Kosovo,XKX,4415.99716107514
GDP per capita (current US$),NY.GDP.PCAP.CD,Kuwait,KWT,31707.8737464917
GDP per capita (current US$),NY.GDP.PCAP.CD,Kyrgyz Republic,KGZ,1421.99927504102
GDP per capita (current US$),NY.GDP.PCAP.CD,Lao PDR,LAO,2589.32081035237
GDP per capita (current US$),NY.GDP.PCAP.CD,Latvia,LVA,17294.9751600969
GDP per capita (current US$),NY.GDP.PCAP.CD,Lebanon,LBN,8905.88005497437
GDP per capita (current US$),NY.GDP.PCAP.CD,Lesotho,LSO,1082.05706777516
GDP per capita (current US$),NY.GDP.PCAP.CD,Liberia,LBR,658.164180770507
GDP per capita (current US$),NY.GDP.PCAP.CD,Libya,LBY,9963.19489084483
GDP per capita (current US$),NY.GDP.PCAP.CD,Liechtenstein,LIE,166907.839305016
GDP per capita (current US$),NY.GDP.PCAP.CD,Lithuania,LTU,19608.7943945553
GDP per capita (current US$),NY.GDP.PCAP.CD,Luxembourg,LUX,112696.649059674
GDP per capita (current US$),NY.GDP.PCAP.CD,"Macao SAR, China",MAC,81967.699172769
GDP per capita (current US$),NY.GDP.PCAP.CD,North Macedonia,MKD,6718.85826635458
GDP per capita (current US$),NY.GDP.PCAP.CD,Madagascar,MDG,499.818837622534
GDP per capita (current US$),NY.GDP.PCAP.CD,Malawi,MWI,580.889816066776
GDP per capita (current US$),NY.GDP.PCAP.CD,Malaysia,MYS,10920.191763972
GDP per capita (current US$),NY.GDP.PCAP.CD,Maldives,MDV,11740.2724029785
GDP per capita (current US$),NY.GDP.PCAP.CD,Mali,MLI,971.949318638092
GDP per capita (current US$),NY.GDP.PCAP.CD,Malta,MLT,32421.9179753188
GDP per capita (current US$),NY.GDP.PCAP.CD,Marshall Islands,MHL,5292.33985502306
GDP per capita (current US$),NY.GDP.PCAP.CD,Mauritania,MRT,1767.072710621
GDP per capita (current US$),NY.GDP.PCAP.CD,Mauritius,MUS,11403.2527870674
GDP per capita (current US$),NY.GDP.PCAP.CD,Mexico,MEX,10369.5553585271
GDP per capita (current US$),NY.GDP.PCAP.CD,"Micronesia, Fed. Sts.",FSM,3572.65918282222
GDP per capita (current US$),NY.GDP.PCAP.CD,Moldova,MDA,4405.33418162155
GDP per capita (current US$),NY.GDP.PCAP.CD,Monaco,MCO,193746.785647412
GDP per capita (current US$),NY.GDP.PCAP.CD,Mongolia,MNG,4347.54610314873
GDP per capita (current US$),NY.GDP.PCAP.CD,Montenegro,MNE,8842.48528706869
GDP per capita (current US$),NY.GDP.PCAP.CD,Morocco,MAR,3508.09765625
GDP per capita (current US$),NY.GDP.PCAP.CD,Mozambique,MOZ,519.09255091362
GDP per capita (current US$),NY.GDP.PCAP.CD,Myanmar,MMR,1425.98954211903
GDP per capita (current US$),NY.GDP.PCAP.CD,Namibia,NAM,4731.9210318831
GDP per capita (current US$),NY.GDP.PCAP.CD,Nauru,NRU,10776.8284610316
GDP per capita (current US$),NY.GDP.PCAP.CD,Nepal,NPL,1203.14294706401
GDP per capita (current US$),NY.GDP.PCAP.CD,Netherlands,NLD,53554.9007491475
GDP per capita (current US$),NY.GDP.PCAP.CD,New Caledonia,NCL,33411.3358835672
GDP per capita (current US$),NY.GDP.PCAP.CD,New Zealand,NZL,42779.2298164101
GDP per capita (current US$),NY.GDP.PCAP.CD,Nicaragua,NIC,1958.62051528095
GDP per capita (current US$),NY.GDP.PCAP.CD,Niger,NER,561.691304349698
GDP per capita (current US$),NY.GDP.PCAP.CD,Nigeria,NGA,2265.15520863056
GDP per capita (current US$),NY.GDP.PCAP.CD,Northern Mariana Islands,MNP,24496.6652122421
GDP per capita (current US$),NY.GDP.PCAP.CD,Norway,NOR,76430.5889473338
GDP per capita (current US$),NY.GDP.PCAP.CD,Oman,OMN,19180.1864152801
GDP per capita (current US$),NY.GDP.PCAP.CD,Pakistan,PAK,1390.41690981745
GDP per capita (current US$),NY.GDP.PCAP.CD,Palau,PLW,15841.1956399595
GDP per capita (current US$),NY.GDP.PCAP.CD,Panama,PAN,16477.9066285687
GDP per capita (current US$),NY.GDP.PCAP.CD,Papua New Guinea,PNG,2575.77274140393
GDP per capita (current US$),NY.GDP.PCAP.CD,Paraguay,PRY,5821.18199548637
GDP per capita (current US$),NY.GDP.PCAP.CD,Peru,PER,7037.00803692604
GDP per capita (current US$),NY.GDP.PCAP.CD,Philippines,PHL,3400.78949767074
GDP per capita (current US$),NY.GDP.PCAP.CD,Poland,POL,15874.5220531254
GDP per capita (current US$),NY.GDP.PCAP.CD,Portugal,PRT,23343.3628970034
GDP per capita (current US$),NY.GDP.PCAP.CD,Puerto Rico (US),PRI,31830.5284993358
GDP per capita (current US$),NY.GDP.PCAP.CD,Qatar,QAT,66841.3013484919
GDP per capita (current US$),NY.GDP.PCAP.CD,Romania,ROU,12992.0326104674
GDP per capita (current US$),NY.GDP.PCAP.CD,Russian Federation,RUS,11447.701171875
GDP per capita (current US$),NY.GDP.PCAP.CD,Rwanda,RWA,810.051412137354
GDP per capita (current US$),NY.GDP.PCAP.CD,Samoa,WSM,4351.94234943706
GDP per capita (current US$),NY.GDP.PCAP.CD,San Marino,SMR,46627.0122356944
GDP per capita (current US$),NY.GDP.PCAP.CD,Sao Tome and Principe,STP,1935.2931816596
GDP per capita (current US$),NY.GDP.PCAP.CD,Saudi Arabia,SAU,29566.7933827436
GDP per capita (current US$),NY.GDP.PCAP.CD,Senegal,SEN,1431.18128932159
GDP per capita (current US$),NY.GDP.PCAP.CD,Serbia,SRB,7755.632986437
GDP per capita (current US$),NY.GDP.PCAP.CD,Seychelles,SYC,19141.5118743615
GDP per capita (current US$),NY.GDP.PCAP.CD,Sierra Leone,SLE,844.049555179116
GDP per capita (current US$),NY.GDP.PCAP.CD,Singapore,SGP,65952.0378959293
GDP per capita (current US$),NY.GDP.PCAP.CD,Sint Maarten (Dutch part),SXM,34861.469528968
GDP per capita (current US$),NY.GDP.PCAP.CD,Slovak Republic,SVK,19406.0589683582
GDP per capita (current US$),NY.GDP.PCAP.CD,Slovenia,SVN,25814.1687167572
GDP per capita (current US$),NY.GDP.PCAP.CD,Solomon Islands,SLB,2223.66502559565
GDP per capita (current US$),NY.GDP.PCAP.CD,"Somalia, Fed. Rep.",SOM,539.893931565407
GDP per capita (current US$),NY.GDP.PCAP.CD,South Africa,ZAF,6533.71121032856
GDP per capita (current US$),NY.GDP.PCAP.CD,Spain,ESP,29786.5245689007
GDP per capita (current US$),NY.GDP.PCAP.CD,Sri Lanka,LKA,4081.94772722003
GDP per capita (current US$),NY.GDP.PCAP.CD,St. Kitts and Nevis,KNA,23595.4923231291
GDP per capita (current US$),NY.GDP.PCAP.CD,St. Lucia,LCA,11794.0597229805
GDP per capita (current US$),NY.GDP.PCAP.CD,St. Martin (French part),MAF,19033.0594854512
GDP per capita (current US$),NY.GDP.PCAP.CD,St. Vincent and the Grenadines,VCT,8740.59425232061
GDP per capita (current US$),NY.GDP.PCAP.CD,Sudan,SDN,709.975280761719
GDP per capita (current US$),NY.GDP.PCAP.CD,Suriname,SUR,6629.66775248603
GDP per capita (current US$),NY.GDP.PCAP.CD,Eswatini,SWZ,3913.12643969301
GDP per capita (current US$),NY.GDP.PCAP.CD,Sweden,SWE,51773.0464558993
GDP per capita (current US$),NY.GDP.PCAP.CD,Switzerland,CHE,84121.9310304414
GDP per capita (current US$),NY.GDP.PCAP.CD,Syrian Arab Republic,SYR,1109.53926036049
GDP per capita (current US$),NY.GDP.PCAP.CD,Tajikistan,TJK,871.022372934846
GDP per capita (current US$),NY.GDP.PCAP.CD,Tanzania,TZA,1063.32250976563
GDP per capita (current US$),NY.GDP.PCAP.CD,Thailand,THA,7605.69657797759
GDP per capita (current US$),NY.GDP.PCAP.CD,Timor-Leste,TLS,1562.36458068032
GDP per capita (current US$),NY.GDP.PCAP.CD,Togo,TGO,826.260654099894
GDP per capita (current US$),NY.GDP.PCAP.CD,Tonga,TON,4676.84802517145
GDP per capita (current US$),NY.GDP.PCAP.CD,Trinidad and Tobago,TTO,17293.4730123427
GDP per capita (current US$),NY.GDP.PCAP.CD,Tunisia,TUN,3528.87213306798
GDP per capita (current US$),NY.GDP.PCAP.CD,Turkiye,TUR,9215.44049888114
GDP per capita (current US$),NY.GDP.PCAP.CD,Turkmenistan,TKM,6648.0348960628
GDP per capita (current US$),NY.GDP.PCAP.CD,Turks and Caicos Islands,TCA,31780.5217068989
GDP per capita (current US$),NY.GDP.PCAP.CD,Tuvalu,TUV,5115.13075950206
GDP per capita (current US$),NY.GDP.PCAP.CD,Uganda,UGA,822.171150141651
GDP per capita (current US$),NY.GDP.PCAP.CD,Ukraine,UKR,3619.86157226563
GDP per capita (current US$),NY.GDP.PCAP.CD,United Arab Emirates,ARE,44251.4541398817
GDP per capita (current US$),NY.GDP.PCAP.CD,United Kingdom,GBR,42794.0022648288
GDP per capita (current US$),NY.GDP.PCAP.CD,United States,USA,65227.9565911038
GDP per capita (current US$),NY.GDP.PCAP.CD,Uruguay,URY,18315.7316980028
GDP per capita (current US$),NY.GDP.PCAP.CD,Uzbekistan,UZB,2041.38480729431
GDP per capita (current US$),NY.GDP.PCAP.CD,Vanuatu,VUT,3207.44650452083
GDP per capita (current US$),NY.GDP.PCAP.CD,Viet Nam,VNM,3440.90025375434
GDP per capita (current US$),NY.GDP.PCAP.CD,Virgin Islands (U.S.),VIR,38633.5298915336
GDP per capita (current US$),NY.GDP.PCAP.CD,West Bank and Gaza,PSE,3656.85827137011
GDP per capita (current US$),NY.GDP.PCAP.CD,Zambia,ZMB,1258.98619844462
GDP per capita (current US$),NY.GDP.PCAP.CD,Zimbabwe,ZWE,1683.91313584141